{
  "nodev1\\server.js": 1779980427.6113255,
  "nodev1\\src\\db.js": 1779978302.787336,
  "nodev1\\src\\helpers\\firebase.js": 1779978344.0998743,
  "nodev1\\src\\helpers\\response.js": 1779978323.5263114,
  "nodev1\\src\\helpers\\swagger.js": 1779980390.8976169,
  "nodev1\\src\\helpers\\upload.js": 1779978350.737206,
  "nodev1\\src\\helpers\\validate.js": 1779978313.6842086,
  "nodev1\\src\\middleware\\jwt.js": 1779978337.9502642,
  "nodev1\\src\\routes\\user.routes.js": 1779980411.5007703,
  "nodev1\\src\\services\\user.service.js": 1779978594.8804212,
  "modelsv1\\firebase.php": 1779977117.3636854,
  "modelsv1\\User.php": 1779979362.4755213,
  "nodev1\\README.md": 1779978717.1841083,
  "design\\member_directory_list\\screen.png": 1779978602.5575671,
  "design\\real_time_community_dashboard_1\\screen.png": 1779978602.4041636,
  "design\\real_time_community_dashboard_2\\screen.png": 1779978602.4479432,
  "design\\real_time_community_dashboard_3\\screen.png": 1779978602.51279,
  "design\\real_time_community_dashboard_4\\screen.png": 1779978602.6236122,
  "design\\sabha_schedule_events\\screen.png": 1779978602.3494825,
  "design\\whatsapp_image_2026_05_26_at_19.52.37.jpeg\\screen.png": 1779978602.3796103,
  "design\\whatsapp_image_2026_05_26_at_19.52.37_1.jpeg\\screen.png": 1779978602.4871907,
  "design\\whatsapp_image_2026_05_26_at_19.52.37_2.jpeg\\screen.png": 1779978602.5951471,
  "design\\whatsapp_image_2026_05_26_at_19.52.38.jpeg\\screen.png": 1779978602.5762284,
  "design\\whatsapp_image_2026_05_26_at_19.52.38_1.jpeg\\screen.png": 1779978602.4644868,
  "design\\whatsapp_image_2026_05_26_at_19.52.38_2.jpeg\\screen.png": 1779978602.5344996,
  "design\\whatsapp_image_2026_05_26_at_19.55.03.jpeg\\screen.png": 1779978602.424259
}